Hotel,Locality,Downtown(km),Rating,Price(â‚¹),Link
The York Legacy Hotel - 2 Minutes Walk From New Delhi Railway Station,"Paharganj, New Delhi (Chandni Chowk)",Downtown,10.0,1700,https://www.booking.com/hotel/in/the-york-legacy.html?aid=355028&ucfs=1&arphpl=1&checkin=2025-05-08&checkout=2025-05-09&dest_id=-2106102&dest_type=city&group_adults=2&req_adults=2&no_rooms=1&group_children=0&req_children=0&hpos=1&hapos=1&sr_order=popularity&srpvid=d8212f34b8f70c05&srepoch=1746600175&all_sr_blocks=1394933001_411411260_2_0_0_913235&highlighted_blocks=1394933001_411411260_2_0_0_913235&matching_block_id=1394933001_411411260_2_0_0_913235&sr_pri_blocks=1394933001_411411260_2_0_0_913235_170000&from=searchresults
The Leela Ambience Convention Hotel Delhi,New Delhi,3.8 km from downtown,8.6,6650,https://www.booking.com/hotel/in/the-leela-ambience-convention-hotel-delhi.html?aid=355028&ucfs=1&arphpl=1&checkin=2025-05-08&checkout=2025-05-09&dest_id=-2106102&dest_type=city&group_adults=2&req_adults=2&no_rooms=1&group_children=0&req_children=0&hpos=2&hapos=2&sr_order=popularity&srpvid=d8212f34b8f70c05&srepoch=1746600175&all_sr_blocks=43487720_407121355_2_42_0_828781&highlighted_blocks=43487720_407121355_2_42_0_828781&matching_block_id=43487720_407121355_2_42_0_828781&sr_pri_blocks=43487720_407121355_2_42_0_828781_665000&from=searchresults
Novotel New Delhi Aerocity,"Aerocity, New Delhi (Aerocity)",11 km from downtown,7.8,8000,https://www.booking.com/hotel/in/novotel-new-delhi-aerocity.html?aid=355028&ucfs=1&arphpl=1&checkin=2025-05-08&checkout=2025-05-09&dest_id=-2106102&dest_type=city&group_adults=2&req_adults=2&no_rooms=1&group_children=0&req_children=0&hpos=3&hapos=3&sr_order=popularity&srpvid=d8212f34b8f70c05&srepoch=1746600175&all_sr_blocks=127933402_246099931_2_42_0&highlighted_blocks=127933402_246099931_2_42_0&matching_block_id=127933402_246099931_2_42_0&sr_pri_blocks=127933402_246099931_2_42_0__800000&from_sustainable_property_sr=1&from=searchresults
Hyatt Regency Delhi,New Delhi,7.2 km from downtown,8.2,9450,https://www.booking.com/hotel/in/hyatt-regency-delhi.html?aid=355028&ucfs=1&arphpl=1&checkin=2025-05-08&checkout=2025-05-09&dest_id=-2106102&dest_type=city&group_adults=2&req_adults=2&no_rooms=1&group_children=0&req_children=0&hpos=4&hapos=4&sr_order=popularity&srpvid=d8212f34b8f70c05&srepoch=1746600175&all_sr_blocks=34266557_335375087_2_42_0&highlighted_blocks=34266557_335375087_2_42_0&matching_block_id=34266557_335375087_2_42_0&sr_pri_blocks=34266557_335375087_2_42_0__945000&from_sustainable_property_sr=1&from=searchresults
The Orion Express - East of Kailash,New Delhi,6.2 km from downtown,7.5,2924,https://www.booking.com/hotel/in/the-orion-express.html?aid=355028&ucfs=1&arphpl=1&checkin=2025-05-08&checkout=2025-05-09&dest_id=-2106102&dest_type=city&group_adults=2&req_adults=2&no_rooms=1&group_children=0&req_children=0&hpos=5&hapos=5&sr_order=popularity&srpvid=d8212f34b8f70c05&srepoch=1746600175&all_sr_blocks=1220152001_409278671_2_2_0&highlighted_blocks=1220152001_409278671_2_2_0&matching_block_id=1220152001_409278671_2_2_0&sr_pri_blocks=1220152001_409278671_2_2_0__292435&from=searchresults
Bloom Hotel - GK2,New Delhi,8 km from downtown,7.2,4320,https://www.booking.com/hotel/in/bloom-greater-kailash-2-new-delhi.html?aid=355028&ucfs=1&arphpl=1&checkin=2025-05-08&checkout=2025-05-09&dest_id=-2106102&dest_type=city&group_adults=2&req_adults=2&no_rooms=1&group_children=0&req_children=0&hpos=6&hapos=6&sr_order=popularity&srpvid=d8212f34b8f70c05&srepoch=1746600175&all_sr_blocks=1103341701_397121249_2_2_0&highlighted_blocks=1103341701_397121249_2_2_0&matching_block_id=1103341701_397121249_2_2_0&sr_pri_blocks=1103341701_397121249_2_2_0__432000&from=searchresults
Hotel Zion Plus,"Chanakyapuri, New Delhi",5.8 km from downtown,7.2,1255,https://www.booking.com/hotel/in/north-loctus.html?aid=355028&ucfs=1&arphpl=1&checkin=2025-05-08&checkout=2025-05-09&dest_id=-2106102&dest_type=city&group_adults=2&req_adults=2&no_rooms=1&group_children=0&req_children=0&hpos=7&hapos=7&sr_order=popularity&srpvid=d8212f34b8f70c05&srepoch=1746600175&all_sr_blocks=1405827201_412376877_2_1_0&highlighted_blocks=1405827201_412376877_2_1_0&matching_block_id=1405827201_412376877_2_1_0&sr_pri_blocks=1405827201_412376877_2_1_0__125500&from=searchresults
HOTEL Nysha A Family Hotel Near IGI Airport Delhi,New Delhi,11.9 km from downtown,7.2,809,https://www.booking.com/hotel/in/mataiya.html?aid=355028&ucfs=1&arphpl=1&checkin=2025-05-08&checkout=2025-05-09&dest_id=-2106102&dest_type=city&group_adults=2&req_adults=2&no_rooms=1&group_children=0&req_children=0&hpos=8&hapos=8&sr_order=popularity&srpvid=d8212f34b8f70c05&srepoch=1746600175&all_sr_blocks=1407110101_412486743_2_1_0&highlighted_blocks=1407110101_412486743_2_1_0&matching_block_id=1407110101_412486743_2_1_0&sr_pri_blocks=1407110101_412486743_2_1_0__80910&from=searchresults
Hotel Peace - 5 Mins Away From US Embassy,"Chanakyapuri, New Delhi",5 km from downtown,9.5,1459,https://www.booking.com/hotel/in/peace-new-delhi.html?aid=355028&ucfs=1&arphpl=1&checkin=2025-05-08&checkout=2025-05-09&dest_id=-2106102&dest_type=city&group_adults=2&req_adults=2&no_rooms=1&group_children=0&req_children=0&hpos=9&hapos=9&sr_order=popularity&srpvid=d8212f34b8f70c05&srepoch=1746600175&all_sr_blocks=1406419701_412429120_2_0_0&highlighted_blocks=1406419701_412429120_2_0_0&matching_block_id=1406419701_412429120_2_0_0&sr_pri_blocks=1406419701_412429120_2_0_0__145900&from=searchresults
Hotel GMT Green,"Chanakyapuri, New Delhi",5.8 km from downtown,9.5,1250,https://www.booking.com/hotel/in/gmt-green.html?aid=355028&ucfs=1&arphpl=1&checkin=2025-05-08&checkout=2025-05-09&dest_id=-2106102&dest_type=city&group_adults=2&req_adults=2&no_rooms=1&group_children=0&req_children=0&hpos=10&hapos=10&sr_order=popularity&srpvid=d8212f34b8f70c05&srepoch=1746600175&all_sr_blocks=1407105201_412486523_2_1_0&highlighted_blocks=1407105201_412486523_2_1_0&matching_block_id=1407105201_412486523_2_1_0&sr_pri_blocks=1407105201_412486523_2_1_0__125000&from=searchresults
Hotel Rosewood Suites Near Delhi Airport,New Delhi,11.9 km from downtown,10.0,1254,https://www.booking.com/hotel/in/shee-palace-airport.html?aid=355028&ucfs=1&arphpl=1&checkin=2025-05-08&checkout=2025-05-09&dest_id=-2106102&dest_type=city&group_adults=2&req_adults=2&no_rooms=1&group_children=0&req_children=0&hpos=11&hapos=11&sr_order=popularity&srpvid=d8212f34b8f70c05&srepoch=1746600175&all_sr_blocks=1407071801_412482616_2_1_0&highlighted_blocks=1407071801_412482616_2_1_0&matching_block_id=1407071801_412482616_2_1_0&sr_pri_blocks=1407071801_412482616_2_1_0__125415&from=searchresults
Hotel The Grace Plaza,"Chanakyapuri, New Delhi",5.1 km from downtown,10.0,1121,https://www.booking.com/hotel/in/the-grace-plaza.html?aid=355028&ucfs=1&arphpl=1&checkin=2025-05-08&checkout=2025-05-09&dest_id=-2106102&dest_type=city&group_adults=2&req_adults=2&no_rooms=1&group_children=0&req_children=0&hpos=12&hapos=12&sr_order=popularity&srpvid=d8212f34b8f70c05&srepoch=1746600175&all_sr_blocks=1406530201_412435562_2_1_0&highlighted_blocks=1406530201_412435562_2_1_0&matching_block_id=1406530201_412435562_2_1_0&sr_pri_blocks=1406530201_412435562_2_1_0__112050&from=searchresults
Hotel The Grace Near IGI Airport Delhi,New Delhi,11.9 km from downtown,10.0,957,https://www.booking.com/hotel/in/hoolala.html?aid=355028&ucfs=1&arphpl=1&checkin=2025-05-08&checkout=2025-05-09&dest_id=-2106102&dest_type=city&group_adults=2&req_adults=2&no_rooms=1&group_children=0&req_children=0&hpos=13&hapos=13&sr_order=popularity&srpvid=d8212f34b8f70c05&srepoch=1746600175&all_sr_blocks=1407115401_412486982_2_1_0&highlighted_blocks=1407115401_412486982_2_1_0&matching_block_id=1407115401_412486982_2_1_0&sr_pri_blocks=1407115401_412486982_2_1_0__95726&from=searchresults
Hotel Nysha Plaza Near IGI Airport Delhi,New Delhi,11.9 km from downtown,10.0,968,https://www.booking.com/hotel/in/baapu.html?aid=355028&ucfs=1&arphpl=1&checkin=2025-05-08&checkout=2025-05-09&dest_id=-2106102&dest_type=city&group_adults=2&req_adults=2&no_rooms=1&group_children=0&req_children=0&hpos=14&hapos=14&sr_order=popularity&srpvid=d8212f34b8f70c05&srepoch=1746600175&all_sr_blocks=1407114201_412486920_2_1_0&highlighted_blocks=1407114201_412486920_2_1_0&matching_block_id=1407114201_412486920_2_1_0&sr_pri_blocks=1407114201_412486920_2_1_0__96768&from=searchresults
Hotel IVA Grace Near IGI Airport Delhi,New Delhi,11.9 km from downtown,10.0,1266,https://www.booking.com/hotel/in/iva.html?aid=355028&ucfs=1&arphpl=1&checkin=2025-05-08&checkout=2025-05-09&dest_id=-2106102&dest_type=city&group_adults=2&req_adults=2&no_rooms=1&group_children=0&req_children=0&hpos=15&hapos=15&sr_order=popularity&srpvid=d8212f34b8f70c05&srepoch=1746600175&all_sr_blocks=1405822601_412376631_2_1_0&highlighted_blocks=1405822601_412376631_2_1_0&matching_block_id=1405822601_412376631_2_1_0&sr_pri_blocks=1405822601_412376631_2_1_0__126600&from=searchresults
Hotel Krone Delhi,New Delhi,11.9 km from downtown,10.0,1245,https://www.booking.com/hotel/in/krone-delhi.html?aid=355028&ucfs=1&arphpl=1&checkin=2025-05-08&checkout=2025-05-09&dest_id=-2106102&dest_type=city&group_adults=2&req_adults=2&no_rooms=1&group_children=0&req_children=0&hpos=16&hapos=16&sr_order=popularity&srpvid=d8212f34b8f70c05&srepoch=1746600175&all_sr_blocks=1407315001_412507265_2_1_0&highlighted_blocks=1407315001_412507265_2_1_0&matching_block_id=1407315001_412507265_2_1_0&sr_pri_blocks=1407315001_412507265_2_1_0__124500&from=searchresults
The Viking - Luxury living steps away from New Delhi & Connaught Place,"Paharganj, New Delhi (Chandni Chowk)",Downtown,8.3,2181,https://www.booking.com/hotel/in/the-viking-new-delhi.html?aid=355028&ucfs=1&arphpl=1&checkin=2025-05-08&checkout=2025-05-09&dest_id=-2106102&dest_type=city&group_adults=2&req_adults=2&no_rooms=1&group_children=0&req_children=0&hpos=17&hapos=17&sr_order=popularity&srpvid=d8212f34b8f70c05&srepoch=1746600175&all_sr_blocks=1332390204_405757976_2_42_0_901195&highlighted_blocks=1332390204_405757976_2_42_0_901195&matching_block_id=1332390204_405757976_2_42_0_901195&sr_pri_blocks=1332390204_405757976_2_42_0_901195_218100&from=searchresults
Hotel Shtita,New Delhi,11.9 km from downtown,8.3,1049,https://www.booking.com/hotel/in/shtita.html?aid=355028&ucfs=1&arphpl=1&checkin=2025-05-08&checkout=2025-05-09&dest_id=-2106102&dest_type=city&group_adults=2&req_adults=2&no_rooms=1&group_children=0&req_children=0&hpos=18&hapos=18&sr_order=popularity&srpvid=d8212f34b8f70c05&srepoch=1746600175&all_sr_blocks=1407116301_412487034_2_1_0&highlighted_blocks=1407116301_412487034_2_1_0&matching_block_id=1407116301_412487034_2_1_0&sr_pri_blocks=1407116301_412487034_2_1_0__104930&from=searchresults
Hotel Grand TeO Near IGI Airport,New Delhi,12 km from downtown,8.3,1169,https://www.booking.com/hotel/in/anita-new-delhi.html?aid=355028&ucfs=1&arphpl=1&checkin=2025-05-08&checkout=2025-05-09&dest_id=-2106102&dest_type=city&group_adults=2&req_adults=2&no_rooms=1&group_children=0&req_children=0&hpos=19&hapos=19&sr_order=popularity&srpvid=d8212f34b8f70c05&srepoch=1746600175&all_sr_blocks=1407790701_412555407_2_1_0&highlighted_blocks=1407790701_412555407_2_1_0&matching_block_id=1407790701_412555407_2_1_0&sr_pri_blocks=1407790701_412555407_2_1_0__116910&from=searchresults
Hotel The Grand Tark,New Delhi,11.9 km from downtown,8.3,1422,https://www.booking.com/hotel/in/the-grand-villa.html?aid=355028&ucfs=1&arphpl=1&checkin=2025-05-08&checkout=2025-05-09&dest_id=-2106102&dest_type=city&group_adults=2&req_adults=2&no_rooms=1&group_children=0&req_children=0&hpos=20&hapos=20&sr_order=popularity&srpvid=d8212f34b8f70c05&srepoch=1746600175&all_sr_blocks=1406847101_412459860_2_1_0&highlighted_blocks=1406847101_412459860_2_1_0&matching_block_id=1406847101_412459860_2_1_0&sr_pri_blocks=1406847101_412459860_2_1_0__142200&from=searchresults
Airport President Near IGI Airport,New Delhi,11.9 km from downtown,10.0,1544,https://www.booking.com/hotel/in/hari-hari-suites.html?aid=355028&ucfs=1&arphpl=1&checkin=2025-05-08&checkout=2025-05-09&dest_id=-2106102&dest_type=city&group_adults=2&req_adults=2&no_rooms=1&group_children=0&req_children=0&hpos=21&hapos=21&sr_order=popularity&srpvid=d8212f34b8f70c05&srepoch=1746600175&all_sr_blocks=1407075701_412483336_2_1_0&highlighted_blocks=1407075701_412483336_2_1_0&matching_block_id=1407075701_412483336_2_1_0&sr_pri_blocks=1407075701_412483336_2_1_0__154350&from=searchresults
Hotel Royal TeO Near Delhi Airport,New Delhi,12.8 km from downtown,10.0,1169,https://www.booking.com/hotel/in/mom.html?aid=355028&ucfs=1&arphpl=1&checkin=2025-05-08&checkout=2025-05-09&dest_id=-2106102&dest_type=city&group_adults=2&req_adults=2&no_rooms=1&group_children=0&req_children=0&hpos=22&hapos=22&sr_order=popularity&srpvid=d8212f34b8f70c05&srepoch=1746600175&all_sr_blocks=1407817701_412557851_2_0_0&highlighted_blocks=1407817701_412557851_2_0_0&matching_block_id=1407817701_412557851_2_0_0&sr_pri_blocks=1407817701_412557851_2_0_0__116910&from=searchresults
Hotel Mandakini Palace,"Karol bagh, New Delhi",Downtown,7.5,1782,https://www.booking.com/hotel/in/oyo-12090-mandakini-palace.html?aid=355028&ucfs=1&arphpl=1&checkin=2025-05-08&checkout=2025-05-09&dest_id=-2106102&dest_type=city&group_adults=2&req_adults=2&no_rooms=1&group_children=0&req_children=0&hpos=23&hapos=23&sr_order=popularity&srpvid=d8212f34b8f70c05&srepoch=1746600175&all_sr_blocks=591662104_404080457_2_2_0&highlighted_blocks=591662104_404080457_2_2_0&matching_block_id=591662104_404080457_2_2_0&sr_pri_blocks=591662104_404080457_2_2_0__178200&from=searchresults
Hotel New Galaxy - Ignou Road,"South Delhi, New Delhi",11.5 km from downtown,7.5,1208,https://www.booking.com/hotel/in/new-galaxy-ignou-road.html?aid=355028&ucfs=1&arphpl=1&checkin=2025-05-08&checkout=2025-05-09&dest_id=-2106102&dest_type=city&group_adults=2&req_adults=2&no_rooms=1&group_children=0&req_children=0&hpos=24&hapos=24&sr_order=popularity&srpvid=d8212f34b8f70c05&srepoch=1746600175&all_sr_blocks=1405659801_412364934_2_0_0&highlighted_blocks=1405659801_412364934_2_0_0&matching_block_id=1405659801_412364934_2_0_0&sr_pri_blocks=1405659801_412364934_2_0_0__120822&from=searchresults
Hotel TEJ PLaza Near IGI Airport Delhi,New Delhi,11.9 km from downtown,7.5,1999,https://www.booking.com/hotel/in/tark.html?aid=355028&ucfs=1&arphpl=1&checkin=2025-05-08&checkout=2025-05-09&dest_id=-2106102&dest_type=city&group_adults=2&req_adults=2&no_rooms=1&group_children=0&req_children=0&hpos=25&hapos=25&sr_order=popularity&srpvid=d8212f34b8f70c05&srepoch=1746600175&all_sr_blocks=1410057201_412768144_2_0_0&highlighted_blocks=1410057201_412768144_2_0_0&matching_block_id=1410057201_412768144_2_0_0&sr_pri_blocks=1410057201_412768144_2_0_0__199900&from=searchresults
Hotel Sohana Palace Near New Delhi Railway Station and Connaught Place,"Paharganj, New Delhi (Chandni Chowk)",Downtown,8.7,440,https://www.booking.com/hotel/in/sohana.html?aid=355028&ucfs=1&arphpl=1&checkin=2025-05-08&checkout=2025-05-09&dest_id=-2106102&dest_type=city&group_adults=2&req_adults=2&no_rooms=1&group_children=0&req_children=0&hpos=1&hapos=26&sr_order=popularity&srpvid=d8212f34b8f70c05&srepoch=1746600174&all_sr_blocks=1359431501_408256654_0_42_0&highlighted_blocks=1359431501_408256654_0_42_0&matching_block_id=1359431501_408256654_0_42_0&sr_pri_blocks=1359431501_408256654_0_42_0__44000&from=searchresults
Hotel Mannat Green,New Delhi,4.4 km from downtown,8.7,1200,https://www.booking.com/hotel/in/mannat-green.html?aid=355028&ucfs=1&arphpl=1&checkin=2025-05-08&checkout=2025-05-09&dest_id=-2106102&dest_type=city&group_adults=2&req_adults=2&no_rooms=1&group_children=0&req_children=0&hpos=2&hapos=27&sr_order=popularity&srpvid=d8212f34b8f70c05&srepoch=1746600174&all_sr_blocks=1408422201_412654230_2_2_0&highlighted_blocks=1408422201_412654230_2_2_0&matching_block_id=1408422201_412654230_2_2_0&sr_pri_blocks=1408422201_412654230_2_2_0__120000&from=searchresults
Hotel Royal Tela Plaza Near IGI Airport Delhi,"Chanakyapuri, New Delhi",5.8 km from downtown,8.7,1160,https://www.booking.com/hotel/in/grand-vansh.html?aid=355028&ucfs=1&arphpl=1&checkin=2025-05-08&checkout=2025-05-09&dest_id=-2106102&dest_type=city&group_adults=2&req_adults=2&no_rooms=1&group_children=0&req_children=0&hpos=3&hapos=28&sr_order=popularity&srpvid=d8212f34b8f70c05&srepoch=1746600174&all_sr_blocks=1409253202_412704216_2_1_0_921814&highlighted_blocks=1409253202_412704216_2_1_0_921814&matching_block_id=1409253202_412704216_2_1_0_921814&sr_pri_blocks=1409253202_412704216_2_1_0_921814_115960&from=searchresults
Hotel De Tark INN,"Chanakyapuri, New Delhi",5.1 km from downtown,8.7,1112,https://www.booking.com/hotel/in/de-tark-inn.html?aid=355028&ucfs=1&arphpl=1&checkin=2025-05-08&checkout=2025-05-09&dest_id=-2106102&dest_type=city&group_adults=2&req_adults=2&no_rooms=1&group_children=0&req_children=0&hpos=4&hapos=29&sr_order=popularity&srpvid=d8212f34b8f70c05&srepoch=1746600174&all_sr_blocks=1409218401_412699920_2_1_0&highlighted_blocks=1409218401_412699920_2_1_0&matching_block_id=1409218401_412699920_2_1_0&sr_pri_blocks=1409218401_412699920_2_1_0__111160&from=searchresults
Hilton Garden Inn New Delhi/Saket,"Saket, New Delhi",9.6 km from downtown,7.8,8500,https://www.booking.com/hotel/in/hilton-garden-inn-new-delhi-saket.html?aid=355028&ucfs=1&arphpl=1&checkin=2025-05-08&checkout=2025-05-09&dest_id=-2106102&dest_type=city&group_adults=2&req_adults=2&no_rooms=1&group_children=0&req_children=0&hpos=5&hapos=30&sr_order=popularity&srpvid=d8212f34b8f70c05&srepoch=1746600174&all_sr_blocks=26668201_368808942_2_41_0_25466&highlighted_blocks=26668201_368808942_2_41_0_25466&matching_block_id=26668201_368808942_2_41_0_25466&sr_pri_blocks=26668201_368808942_2_41_0_25466_850000&from_sustainable_property_sr=1&from=searchresults
The Pinky Villa - Heritage Boutique Suites,"Paharganj, New Delhi (Chandni Chowk)",Downtown,7.7,1088,https://www.booking.com/hotel/in/pinky-villa.html?aid=355028&ucfs=1&arphpl=1&checkin=2025-05-08&checkout=2025-05-09&dest_id=-2106102&dest_type=city&group_adults=2&req_adults=2&no_rooms=1&group_children=0&req_children=0&hpos=6&hapos=31&sr_order=popularity&srpvid=d8212f34b8f70c05&srepoch=1746600174&all_sr_blocks=473065601_202942459_2_0_0&highlighted_blocks=473065601_202942459_2_0_0&matching_block_id=473065601_202942459_2_0_0&sr_pri_blocks=473065601_202942459_2_0_0__108766&from=searchresults
Hotel Grand Tej Palace,New Delhi,5.8 km from downtown,7.7,1044,https://www.booking.com/hotel/in/loha-new-delhi19.html?aid=355028&ucfs=1&arphpl=1&checkin=2025-05-08&checkout=2025-05-09&dest_id=-2106102&dest_type=city&group_adults=2&req_adults=2&no_rooms=1&group_children=0&req_children=0&hpos=7&hapos=32&sr_order=popularity&srpvid=d8212f34b8f70c05&srepoch=1746600174&all_sr_blocks=1410059202_412768225_2_0_0_922805&highlighted_blocks=1410059202_412768225_2_0_0_922805&matching_block_id=1410059202_412768225_2_0_0_922805&sr_pri_blocks=1410059202_412768225_2_0_0_922805_104364&from=searchresults
Hotel Zebra,"Aerocity, New Delhi (Aerocity)",10.9 km from downtown,7.7,1709,https://www.booking.com/hotel/in/zebra-new-delhi.html?aid=355028&ucfs=1&arphpl=1&checkin=2025-05-08&checkout=2025-05-09&dest_id=-2106102&dest_type=city&group_adults=2&req_adults=2&no_rooms=1&group_children=0&req_children=0&hpos=8&hapos=33&sr_order=popularity&srpvid=d8212f34b8f70c05&srepoch=1746600174&all_sr_blocks=1408383301_412614755_2_1_0&highlighted_blocks=1408383301_412614755_2_1_0&matching_block_id=1408383301_412614755_2_1_0&sr_pri_blocks=1408383301_412614755_2_1_0__170910&from=searchresults
Hotel Krone A Family Hotel Near IGI Airport,New Delhi,11.9 km from downtown,7.7,1188,https://www.booking.com/hotel/in/zion-plus-new-delhi3.html?aid=355028&ucfs=1&arphpl=1&checkin=2025-05-08&checkout=2025-05-09&dest_id=-2106102&dest_type=city&group_adults=2&req_adults=2&no_rooms=1&group_children=0&req_children=0&hpos=9&hapos=34&sr_order=popularity&srpvid=d8212f34b8f70c05&srepoch=1746600174&all_sr_blocks=1409350802_412712937_2_1_0&highlighted_blocks=1409350802_412712937_2_1_0&matching_block_id=1409350802_412712937_2_1_0&sr_pri_blocks=1409350802_412712937_2_1_0__118800&from=searchresults
Avatar Living @Safdarjung Enclave,"Safdarjung Enclave, New Delhi",7.2 km from downtown,8.5,2865,https://www.booking.com/hotel/in/avatar-living-safdarjung-enclave.html?aid=355028&ucfs=1&arphpl=1&checkin=2025-05-08&checkout=2025-05-09&dest_id=-2106102&dest_type=city&group_adults=2&req_adults=2&no_rooms=1&group_children=0&req_children=0&hpos=10&hapos=35&sr_order=popularity&srpvid=d8212f34b8f70c05&srepoch=1746600174&all_sr_blocks=850369602_352217680_2_40_0&highlighted_blocks=850369602_352217680_2_40_0&matching_block_id=850369602_352217680_2_40_0&sr_pri_blocks=850369602_352217680_2_40_0__286451&from=searchresults
Hotel Star,"Chanakyapuri, New Delhi",5.8 km from downtown,8.5,635,https://www.booking.com/hotel/in/star-new-delhi3.html?aid=355028&ucfs=1&arphpl=1&checkin=2025-05-08&checkout=2025-05-09&dest_id=-2106102&dest_type=city&group_adults=2&req_adults=2&no_rooms=1&group_children=0&req_children=0&hpos=11&hapos=36&sr_order=popularity&srpvid=d8212f34b8f70c05&srepoch=1746600174&all_sr_blocks=1409222801_412700166_2_1_0&highlighted_blocks=1409222801_412700166_2_1_0&matching_block_id=1409222801_412700166_2_1_0&sr_pri_blocks=1409222801_412700166_2_1_0__63500&from=searchresults
Hotel D Tark Plaza,New Delhi,5.8 km from downtown,8.5,1000,https://www.booking.com/hotel/in/d-tark.html?aid=355028&ucfs=1&arphpl=1&checkin=2025-05-08&checkout=2025-05-09&dest_id=-2106102&dest_type=city&group_adults=2&req_adults=2&no_rooms=1&group_children=0&req_children=0&hpos=12&hapos=37&sr_order=popularity&srpvid=d8212f34b8f70c05&srepoch=1746600174&all_sr_blocks=1410071802_412769597_2_0_0_923460&highlighted_blocks=1410071802_412769597_2_0_0_923460&matching_block_id=1410071802_412769597_2_0_0_923460&sr_pri_blocks=1410071802_412769597_2_0_0_923460_99960&from=searchresults
Bloomrooms @ Link Road,New Delhi,3.5 km from downtown,8.1,4050,https://www.booking.com/hotel/in/bloomrooms.html?aid=355028&ucfs=1&arphpl=1&checkin=2025-05-08&checkout=2025-05-09&dest_id=-2106102&dest_type=city&group_adults=2&req_adults=2&no_rooms=1&group_children=0&req_children=0&hpos=13&hapos=38&sr_order=popularity&srpvid=d8212f34b8f70c05&srepoch=1746600174&all_sr_blocks=42169401_397121305_0_2_0_33314&highlighted_blocks=42169401_397121305_0_2_0_33314&matching_block_id=42169401_397121305_0_2_0_33314&sr_pri_blocks=42169401_397121305_0_2_0_33314_405000&from=searchresults
FabHotel V Inn,New Delhi,8.3 km from downtown,8.1,2102,https://www.booking.com/hotel/in/fabhotel-v-inn-new-delhi.html?aid=355028&ucfs=1&arphpl=1&checkin=2025-05-08&checkout=2025-05-09&dest_id=-2106102&dest_type=city&group_adults=2&req_adults=2&no_rooms=1&group_children=0&req_children=0&hpos=14&hapos=39&sr_order=popularity&srpvid=d8212f34b8f70c05&srepoch=1746600174&all_sr_blocks=1406397201_412541403_2_0_0&highlighted_blocks=1406397201_412541403_2_0_0&matching_block_id=1406397201_412541403_2_0_0&sr_pri_blocks=1406397201_412541403_2_0_0__210210&from=searchresults
FabHotel M International,"East Delhi, New Delhi",2.8 km from downtown,8.1,2102,https://www.booking.com/hotel/in/fabhotel-m-international.html?aid=355028&ucfs=1&arphpl=1&checkin=2025-05-08&checkout=2025-05-09&dest_id=-2106102&dest_type=city&group_adults=2&req_adults=2&no_rooms=1&group_children=0&req_children=0&hpos=15&hapos=40&sr_order=popularity&srpvid=d8212f34b8f70c05&srepoch=1746600174&all_sr_blocks=1406575701_412601070_2_0_0&highlighted_blocks=1406575701_412601070_2_0_0&matching_block_id=1406575701_412601070_2_0_0&sr_pri_blocks=1406575701_412601070_2_0_0__210210&from=searchresults
"Welcomhotel by ITC Hotels, Dwarka, New Delhi","Dwarka, New Delhi",13.1 km from downtown,7.8,7500,https://www.booking.com/hotel/in/welcomhotel-dwarka-new-delhi.html?aid=355028&ucfs=1&arphpl=1&checkin=2025-05-08&checkout=2025-05-09&dest_id=-2106102&dest_type=city&group_adults=2&req_adults=2&no_rooms=1&group_children=0&req_children=0&hpos=16&hapos=41&sr_order=popularity&srpvid=d8212f34b8f70c05&srepoch=1746600174&all_sr_blocks=105585910_365507288_2_42_0&highlighted_blocks=105585910_365507288_2_42_0&matching_block_id=105585910_365507288_2_42_0&sr_pri_blocks=105585910_365507288_2_42_0__750000&from=searchresults
IVA Premium Delhi Airport with Airport Drop,"Mahipalpur, New Delhi",11 km from downtown,7.2,3936,https://www.booking.com/hotel/in/zara-grand-delhi-airport.html?aid=355028&ucfs=1&arphpl=1&checkin=2025-05-08&checkout=2025-05-09&dest_id=-2106102&dest_type=city&group_adults=2&req_adults=2&no_rooms=1&group_children=0&req_children=0&hpos=17&hapos=42&sr_order=popularity&srpvid=d8212f34b8f70c05&srepoch=1746600174&all_sr_blocks=1304966501_403351208_2_42_0_770346&highlighted_blocks=1304966501_403351208_2_42_0_770346&matching_block_id=1304966501_403351208_2_42_0_770346&sr_pri_blocks=1304966501_403351208_2_42_0_770346_393559&from=searchresults
Hotel South Ex Residency - South Ex near AIIMS Delhi - Couple Friendly,New Delhi,5.2 km from downtown,8.0,3213,https://www.booking.com/hotel/in/south-ex-residency.html?aid=355028&ucfs=1&arphpl=1&checkin=2025-05-08&checkout=2025-05-09&dest_id=-2106102&dest_type=city&group_adults=2&req_adults=2&no_rooms=1&group_children=0&req_children=0&hpos=18&hapos=43&sr_order=popularity&srpvid=d8212f34b8f70c05&srepoch=1746600174&all_sr_blocks=1138264201_397540003_0_42_0&highlighted_blocks=1138264201_397540003_0_42_0&matching_block_id=1138264201_397540003_0_42_0&sr_pri_blocks=1138264201_397540003_0_42_0__321300&from=searchresults
FabExpress Le Continental Paharganj New Delhi,"Central Delhi, New Delhi",Downtown,8.1,1338,https://www.booking.com/hotel/in/le-continental.html?aid=355028&ucfs=1&arphpl=1&checkin=2025-05-08&checkout=2025-05-09&dest_id=-2106102&dest_type=city&group_adults=2&req_adults=2&no_rooms=1&group_children=0&req_children=0&hpos=19&hapos=44&sr_order=popularity&srpvid=d8212f34b8f70c05&srepoch=1746600174&all_sr_blocks=200525808_410205653_2_2_0_879582&highlighted_blocks=200525808_410205653_2_2_0_879582&matching_block_id=200525808_410205653_2_2_0_879582&sr_pri_blocks=200525808_410205653_2_2_0_879582_133848&from=searchresults
Treebo Twin Tree,New Delhi,4.1 km from downtown,7.4,2218,https://www.booking.com/hotel/in/twin-tree-delhi.html?aid=355028&ucfs=1&arphpl=1&checkin=2025-05-08&checkout=2025-05-09&dest_id=-2106102&dest_type=city&group_adults=2&req_adults=2&no_rooms=1&group_children=0&req_children=0&hpos=20&hapos=45&sr_order=popularity&srpvid=d8212f34b8f70c05&srepoch=1746600174&all_sr_blocks=1168218403_402399539_2_1_0&highlighted_blocks=1168218403_402399539_2_1_0&matching_block_id=1168218403_402399539_2_1_0&sr_pri_blocks=1168218403_402399539_2_1_0__221819&from=searchresults
Divine Inn Hotel Near Rajouri Garden Main Market,"West Delhi, New Delhi",3.9 km from downtown,8.7,1770,https://www.booking.com/hotel/in/aman-delhi1.html?aid=355028&ucfs=1&arphpl=1&checkin=2025-05-08&checkout=2025-05-09&dest_id=-2106102&dest_type=city&group_adults=2&req_adults=2&no_rooms=1&group_children=0&req_children=0&hpos=21&hapos=46&sr_order=popularity&srpvid=d8212f34b8f70c05&srepoch=1746600174&all_sr_blocks=1097587506_384103281_2_0_0&highlighted_blocks=1097587506_384103281_2_0_0&matching_block_id=1097587506_384103281_2_0_0&sr_pri_blocks=1097587506_384103281_2_0_0__176967&from=searchresults
Hotel Snow Whte Inn New Delhi,"Paharganj, New Delhi (Chandni Chowk)",Downtown,8.7,1209,https://www.booking.com/hotel/in/snow-whte-inn-new-delhi.html?aid=355028&ucfs=1&arphpl=1&checkin=2025-05-08&checkout=2025-05-09&dest_id=-2106102&dest_type=city&group_adults=2&req_adults=2&no_rooms=1&group_children=0&req_children=0&hpos=22&hapos=47&sr_order=popularity&srpvid=d8212f34b8f70c05&srepoch=1746600174&all_sr_blocks=1407227301_412495732_2_2_0&highlighted_blocks=1407227301_412495732_2_2_0&matching_block_id=1407227301_412495732_2_2_0&sr_pri_blocks=1407227301_412495732_2_2_0__120902&from=searchresults
"Hotel Krishna - By RCG Hotels, Paharganj, New Delhi","Paharganj, New Delhi (Chandni Chowk)",Downtown,8.2,1674,https://www.booking.com/hotel/in/krishna.html?aid=355028&ucfs=1&arphpl=1&checkin=2025-05-08&checkout=2025-05-09&dest_id=-2106102&dest_type=city&group_adults=2&req_adults=2&no_rooms=1&group_children=0&req_children=0&hpos=23&hapos=48&sr_order=popularity&srpvid=d8212f34b8f70c05&srepoch=1746600174&all_sr_blocks=25411601_163350053_2_42_0&highlighted_blocks=25411601_163350053_2_42_0&matching_block_id=25411601_163350053_2_42_0&sr_pri_blocks=25411601_163350053_2_42_0__167400&from=searchresults
Bloom Hotel - CR Park,New Delhi,7.8 km from downtown,6.9,4320,https://www.booking.com/hotel/in/bloom-cr-park.html?aid=355028&ucfs=1&arphpl=1&checkin=2025-05-08&checkout=2025-05-09&dest_id=-2106102&dest_type=city&group_adults=2&req_adults=2&no_rooms=1&group_children=0&req_children=0&hpos=24&hapos=49&sr_order=popularity&srpvid=d8212f34b8f70c05&srepoch=1746600174&all_sr_blocks=1175465301_397120789_2_2_0_471401&highlighted_blocks=1175465301_397120789_2_2_0_471401&matching_block_id=1175465301_397120789_2_2_0_471401&sr_pri_blocks=1175465301_397120789_2_2_0_471401_432000&from=searchresults
Hotel Tark Plaza Near IGI Airport Delhi,New Delhi,11.9 km from downtown,10.0,329,https://www.booking.com/hotel/in/tumara-baap.html?aid=355028&ucfs=1&arphpl=1&checkin=2025-05-08&checkout=2025-05-09&dest_id=-2106102&dest_type=city&group_adults=2&req_adults=2&no_rooms=1&group_children=0&req_children=0&hpos=25&hapos=50&sr_order=popularity&srpvid=d8212f34b8f70c05&srepoch=1746600174&all_sr_blocks=1407112201_412486823_2_1_0&highlighted_blocks=1407112201_412486823_2_1_0&matching_block_id=1407112201_412486823_2_1_0&sr_pri_blocks=1407112201_412486823_2_1_0__32940&from=searchresults
Hotel Joy - Karol Bagh Market,"Karol bagh, New Delhi",Downtown,9.0,999,https://www.booking.com/hotel/in/prime-new-delhi4.html?aid=355028&ucfs=1&arphpl=1&checkin=2025-05-08&checkout=2025-05-09&dest_id=-2106102&dest_type=city&group_adults=2&req_adults=2&no_rooms=1&group_children=0&req_children=0&hpos=1&hapos=51&sr_order=popularity&srpvid=d8212f34b8f70c05&srepoch=1746600175&all_sr_blocks=1407285101_412505157_2_0_0&highlighted_blocks=1407285101_412505157_2_0_0&matching_block_id=1407285101_412505157_2_0_0&sr_pri_blocks=1407285101_412505157_2_0_0__99900&from=searchresults
Hotel Grand Villa,"South Delhi, New Delhi",15.5 km from downtown,9.0,999,https://www.booking.com/hotel/in/grand-villa-new-delhi1.html?aid=355028&ucfs=1&arphpl=1&checkin=2025-05-08&checkout=2025-05-09&dest_id=-2106102&dest_type=city&group_adults=2&req_adults=2&no_rooms=1&group_children=0&req_children=0&hpos=2&hapos=52&sr_order=popularity&srpvid=d8212f34b8f70c05&srepoch=1746600175&all_sr_blocks=1407193301_412493490_2_0_0&highlighted_blocks=1407193301_412493490_2_0_0&matching_block_id=1407193301_412493490_2_0_0&sr_pri_blocks=1407193301_412493490_2_0_0__99900&from=searchresults
Hotel Grand Le Mount,"Chanakyapuri, New Delhi",5.8 km from downtown,9.0,652,https://www.booking.com/hotel/in/grand-le-mount.html?aid=355028&ucfs=1&arphpl=1&checkin=2025-05-08&checkout=2025-05-09&dest_id=-2106102&dest_type=city&group_adults=2&req_adults=2&no_rooms=1&group_children=0&req_children=0&hpos=3&hapos=53&sr_order=popularity&srpvid=d8212f34b8f70c05&srepoch=1746600175&all_sr_blocks=1407332201_412508181_2_1_0&highlighted_blocks=1407332201_412508181_2_1_0&matching_block_id=1407332201_412508181_2_1_0&sr_pri_blocks=1407332201_412508181_2_1_0__65200&from=searchresults
Hotel Fab Stays,New Delhi,5.7 km from downtown,9.0,1530,https://www.booking.com/hotel/in/fab-stays.html?aid=355028&ucfs=1&arphpl=1&checkin=2025-05-08&checkout=2025-05-09&dest_id=-2106102&dest_type=city&group_adults=2&req_adults=2&no_rooms=1&group_children=0&req_children=0&hpos=4&hapos=54&sr_order=popularity&srpvid=d8212f34b8f70c05&srepoch=1746600175&all_sr_blocks=1407106401_412486585_2_42_0&highlighted_blocks=1407106401_412486585_2_42_0&matching_block_id=1407106401_412486585_2_42_0&sr_pri_blocks=1407106401_412486585_2_42_0__153000&from=searchresults
Hotel radhe,New Delhi,11.9 km from downtown,9.0,659,https://www.booking.com/hotel/in/radhe-new-delhi9.html?aid=355028&ucfs=1&arphpl=1&checkin=2025-05-08&checkout=2025-05-09&dest_id=-2106102&dest_type=city&group_adults=2&req_adults=2&no_rooms=1&group_children=0&req_children=0&hpos=5&hapos=55&sr_order=popularity&srpvid=d8212f34b8f70c05&srepoch=1746600175&all_sr_blocks=1408295901_412605944_2_1_0&highlighted_blocks=1408295901_412605944_2_1_0&matching_block_id=1408295901_412605944_2_1_0&sr_pri_blocks=1408295901_412605944_2_1_0__65900&from=searchresults
Hotel Lion Suite,New Delhi,11.9 km from downtown,9.0,666,https://www.booking.com/hotel/in/linda-suite-new-delhi.html?aid=355028&ucfs=1&arphpl=1&checkin=2025-05-08&checkout=2025-05-09&dest_id=-2106102&dest_type=city&group_adults=2&req_adults=2&no_rooms=1&group_children=0&req_children=0&hpos=6&hapos=56&sr_order=popularity&srpvid=d8212f34b8f70c05&srepoch=1746600175&all_sr_blocks=1407107701_412486636_2_1_0&highlighted_blocks=1407107701_412486636_2_1_0&matching_block_id=1407107701_412486636_2_1_0&sr_pri_blocks=1407107701_412486636_2_1_0__66600&from=searchresults
Hotel Tej Plaza Near IGI Airport Delhi,New Delhi,11.9 km from downtown,9.0,788,https://www.booking.com/hotel/in/family-stay-new-delhi6.html?aid=355028&ucfs=1&arphpl=1&checkin=2025-05-08&checkout=2025-05-09&dest_id=-2106102&dest_type=city&group_adults=2&req_adults=2&no_rooms=1&group_children=0&req_children=0&hpos=7&hapos=57&sr_order=popularity&srpvid=d8212f34b8f70c05&srepoch=1746600175&all_sr_blocks=1407406201_412514041_2_1_0&highlighted_blocks=1407406201_412514041_2_1_0&matching_block_id=1407406201_412514041_2_1_0&sr_pri_blocks=1407406201_412514041_2_1_0__78750&from=searchresults
Hotel Minakshi,"Chanakyapuri, New Delhi",5.8 km from downtown,9.0,1250,https://www.booking.com/hotel/in/minakshi-new-delhi.html?aid=355028&ucfs=1&arphpl=1&checkin=2025-05-08&checkout=2025-05-09&dest_id=-2106102&dest_type=city&group_adults=2&req_adults=2&no_rooms=1&group_children=0&req_children=0&hpos=8&hapos=58&sr_order=popularity&srpvid=d8212f34b8f70c05&srepoch=1746600175&all_sr_blocks=1407400201_412513409_2_1_0&highlighted_blocks=1407400201_412513409_2_1_0&matching_block_id=1407400201_412513409_2_1_0&sr_pri_blocks=1407400201_412513409_2_1_0__125000&from=searchresults
Hotel ASE Suite,New Delhi,11.9 km from downtown,9.0,1877,https://www.booking.com/hotel/in/ase-suite.html?aid=355028&ucfs=1&arphpl=1&checkin=2025-05-08&checkout=2025-05-09&dest_id=-2106102&dest_type=city&group_adults=2&req_adults=2&no_rooms=1&group_children=0&req_children=0&hpos=9&hapos=59&sr_order=popularity&srpvid=d8212f34b8f70c05&srepoch=1746600175&all_sr_blocks=1408735801_412652170_2_1_0&highlighted_blocks=1408735801_412652170_2_1_0&matching_block_id=1408735801_412652170_2_1_0&sr_pri_blocks=1408735801_412652170_2_1_0__187700&from=searchresults
Hotel The Caves Plaza By Zion,"Mahipalpur, New Delhi",11.1 km from downtown,9.0,875,https://www.booking.com/hotel/in/the-caves-plaza-by-zion.html?aid=355028&ucfs=1&arphpl=1&checkin=2025-05-08&checkout=2025-05-09&dest_id=-2106102&dest_type=city&group_adults=2&req_adults=2&no_rooms=1&group_children=0&req_children=0&hpos=10&hapos=60&sr_order=popularity&srpvid=d8212f34b8f70c05&srepoch=1746600175&all_sr_blocks=1407328501_412507996_2_1_0&highlighted_blocks=1407328501_412507996_2_1_0&matching_block_id=1407328501_412507996_2_1_0&sr_pri_blocks=1407328501_412507996_2_1_0__87500&from=searchresults
Rosewood Suites A Family Hotel Delhi Airport,New Delhi,11.9 km from downtown,9.0,1146,https://www.booking.com/hotel/in/rs-plaza-new-delhi.html?aid=355028&ucfs=1&arphpl=1&checkin=2025-05-08&checkout=2025-05-09&dest_id=-2106102&dest_type=city&group_adults=2&req_adults=2&no_rooms=1&group_children=0&req_children=0&hpos=11&hapos=61&sr_order=popularity&srpvid=d8212f34b8f70c05&srepoch=1746600175&all_sr_blocks=1407815801_412557252_2_1_0&highlighted_blocks=1407815801_412557252_2_1_0&matching_block_id=1407815801_412557252_2_1_0&sr_pri_blocks=1407815801_412557252_2_1_0__114615&from=searchresults
Hotel Zion Plus,New Delhi,11.9 km from downtown,9.0,788,https://www.booking.com/hotel/in/zion-plus-new-delhi2.html?aid=355028&ucfs=1&arphpl=1&checkin=2025-05-08&checkout=2025-05-09&dest_id=-2106102&dest_type=city&group_adults=2&req_adults=2&no_rooms=1&group_children=0&req_children=0&hpos=12&hapos=62&sr_order=popularity&srpvid=d8212f34b8f70c05&srepoch=1746600175&all_sr_blocks=1407319501_412507534_2_1_0&highlighted_blocks=1407319501_412507534_2_1_0&matching_block_id=1407319501_412507534_2_1_0&sr_pri_blocks=1407319501_412507534_2_1_0__78750&from=searchresults
Hotel Aerotech Near Delhi Airport,"Chanakyapuri, New Delhi",5.8 km from downtown,9.0,1260,https://www.booking.com/hotel/in/grand-asian-plaza-new-delhi19.html?aid=355028&ucfs=1&arphpl=1&checkin=2025-05-08&checkout=2025-05-09&dest_id=-2106102&dest_type=city&group_adults=2&req_adults=2&no_rooms=1&group_children=0&req_children=0&hpos=13&hapos=63&sr_order=popularity&srpvid=d8212f34b8f70c05&srepoch=1746600175&all_sr_blocks=1408345502_412610886_2_1_0&highlighted_blocks=1408345502_412610886_2_1_0&matching_block_id=1408345502_412610886_2_1_0&sr_pri_blocks=1408345502_412610886_2_1_0__125979&from=searchresults
Hotel Jai Palace,"Chanakyapuri, New Delhi",5.8 km from downtown,9.0,1422,https://www.booking.com/hotel/in/jai-palace-new-delhi1.html?aid=355028&ucfs=1&arphpl=1&checkin=2025-05-08&checkout=2025-05-09&dest_id=-2106102&dest_type=city&group_adults=2&req_adults=2&no_rooms=1&group_children=0&req_children=0&hpos=14&hapos=64&sr_order=popularity&srpvid=d8212f34b8f70c05&srepoch=1746600175&all_sr_blocks=1406808301_412457221_2_1_0&highlighted_blocks=1406808301_412457221_2_1_0&matching_block_id=1406808301_412457221_2_1_0&sr_pri_blocks=1406808301_412457221_2_1_0__142200&from=searchresults
Hotel Seven Seas At opposite New Delhi Railway Station,"Paharganj, New Delhi (Chandni Chowk)",Downtown,9.0,794,https://www.booking.com/hotel/in/seven-seas-at-opposite-new-delhi-railway-station.html?aid=355028&ucfs=1&arphpl=1&checkin=2025-05-08&checkout=2025-05-09&dest_id=-2106102&dest_type=city&group_adults=2&req_adults=2&no_rooms=1&group_children=0&req_children=0&hpos=15&hapos=65&sr_order=popularity&srpvid=d8212f34b8f70c05&srepoch=1746600175&all_sr_blocks=1406370001_412426094_2_0_0&highlighted_blocks=1406370001_412426094_2_0_0&matching_block_id=1406370001_412426094_2_0_0&sr_pri_blocks=1406370001_412426094_2_0_0__79403&from=searchresults
Hotel Vihar,"West Delhi, New Delhi",7.5 km from downtown,9.0,999,https://www.booking.com/hotel/in/vihar-delhi.html?aid=355028&ucfs=1&arphpl=1&checkin=2025-05-08&checkout=2025-05-09&dest_id=-2106102&dest_type=city&group_adults=2&req_adults=2&no_rooms=1&group_children=0&req_children=0&hpos=16&hapos=66&sr_order=popularity&srpvid=d8212f34b8f70c05&srepoch=1746600175&all_sr_blocks=1406426801_412429485_2_0_0&highlighted_blocks=1406426801_412429485_2_0_0&matching_block_id=1406426801_412429485_2_0_0&sr_pri_blocks=1406426801_412429485_2_0_0__99900&from=searchresults
Hotel O Nangloi Residency,"West Delhi, New Delhi",10.5 km from downtown,9.0,1056,https://www.booking.com/hotel/in/o-nangloi-residency.html?aid=355028&ucfs=1&arphpl=1&checkin=2025-05-08&checkout=2025-05-09&dest_id=-2106102&dest_type=city&group_adults=2&req_adults=2&no_rooms=1&group_children=0&req_children=0&hpos=17&hapos=67&sr_order=popularity&srpvid=d8212f34b8f70c05&srepoch=1746600175&all_sr_blocks=1404906502_412298177_2_0_0&highlighted_blocks=1404906502_412298177_2_0_0&matching_block_id=1404906502_412298177_2_0_0&sr_pri_blocks=1404906502_412298177_2_0_0__105551&from=searchresults
Hotel Mamata,"Mahipalpur, New Delhi",11.2 km from downtown,9.0,1079,https://www.booking.com/hotel/in/mamata-new-delhi.html?aid=355028&ucfs=1&arphpl=1&checkin=2025-05-08&checkout=2025-05-09&dest_id=-2106102&dest_type=city&group_adults=2&req_adults=2&no_rooms=1&group_children=0&req_children=0&hpos=18&hapos=68&sr_order=popularity&srpvid=d8212f34b8f70c05&srepoch=1746600175&all_sr_blocks=1407409901_412515201_2_1_0&highlighted_blocks=1407409901_412515201_2_1_0&matching_block_id=1407409901_412515201_2_1_0&sr_pri_blocks=1407409901_412515201_2_1_0__107910&from=searchresults
Hotel Leo,"Paharganj, New Delhi (Chandni Chowk)",Downtown,9.0,900,https://www.booking.com/hotel/in/leo-new-delhi1.html?aid=355028&ucfs=1&arphpl=1&checkin=2025-05-08&checkout=2025-05-09&dest_id=-2106102&dest_type=city&group_adults=2&req_adults=2&no_rooms=1&group_children=0&req_children=0&hpos=19&hapos=69&sr_order=popularity&srpvid=d8212f34b8f70c05&srepoch=1746600175&all_sr_blocks=1407107201_412486604_2_0_0&highlighted_blocks=1407107201_412486604_2_0_0&matching_block_id=1407107201_412486604_2_0_0&sr_pri_blocks=1407107201_412486604_2_0_0__90000&from=searchresults
Hotel Grand Golden prime,"Chanakyapuri, New Delhi",5.8 km from downtown,9.0,1429,https://www.booking.com/hotel/in/grand-golden-prime-new-delhi4.html?aid=355028&ucfs=1&arphpl=1&checkin=2025-05-08&checkout=2025-05-09&dest_id=-2106102&dest_type=city&group_adults=2&req_adults=2&no_rooms=1&group_children=0&req_children=0&hpos=20&hapos=70&sr_order=popularity&srpvid=d8212f34b8f70c05&srepoch=1746600175&all_sr_blocks=1408707401_412648618_2_0_0&highlighted_blocks=1408707401_412648618_2_0_0&matching_block_id=1408707401_412648618_2_0_0&sr_pri_blocks=1408707401_412648618_2_0_0__142920&from=searchresults
Hotel Miraz,New Delhi,9.9 km from downtown,9.0,1245,https://www.booking.com/hotel/in/miraz.html?aid=355028&ucfs=1&arphpl=1&checkin=2025-05-08&checkout=2025-05-09&dest_id=-2106102&dest_type=city&group_adults=2&req_adults=2&no_rooms=1&group_children=0&req_children=0&hpos=21&hapos=71&sr_order=popularity&srpvid=d8212f34b8f70c05&srepoch=1746600175&all_sr_blocks=1406002101_412387658_2_1_0&highlighted_blocks=1406002101_412387658_2_1_0&matching_block_id=1406002101_412387658_2_1_0&sr_pri_blocks=1406002101_412387658_2_1_0__124500&from=searchresults
"Sarovar Portico Naraina, Hotel",New Delhi,4.3 km from downtown,6.6,4050,https://www.booking.com/hotel/in/sarovar-portico-naraina.html?aid=355028&ucfs=1&arphpl=1&checkin=2025-05-08&checkout=2025-05-09&dest_id=-2106102&dest_type=city&group_adults=2&req_adults=2&no_rooms=1&group_children=0&req_children=0&hpos=22&hapos=72&sr_order=popularity&srpvid=d8212f34b8f70c05&srepoch=1746600175&all_sr_blocks=172586805_351045850_2_42_0_33562&highlighted_blocks=172586805_351045850_2_42_0_33562&matching_block_id=172586805_351045850_2_42_0_33562&sr_pri_blocks=172586805_351045850_2_42_0_33562_405000&from=searchresults
New Frezon,"East Delhi, New Delhi",1.6 km from downtown,6.6,650,https://www.booking.com/hotel/in/new-frezon.html?aid=355028&ucfs=1&arphpl=1&checkin=2025-05-08&checkout=2025-05-09&dest_id=-2106102&dest_type=city&group_adults=2&req_adults=2&no_rooms=1&group_children=0&req_children=0&hpos=23&hapos=73&sr_order=popularity&srpvid=d8212f34b8f70c05&srepoch=1746600175&all_sr_blocks=1408386502_412614957_14_0_0&highlighted_blocks=1408386502_412614957_14_0_0&matching_block_id=1408386502_412614957_14_0_0&sr_pri_blocks=1408386502_412614957_14_0_0__65000&from=searchresults
Hotel Vicky babby,New Delhi,11.9 km from downtown,6.6,1121,https://www.booking.com/hotel/in/vicky-babby.html?aid=355028&ucfs=1&arphpl=1&checkin=2025-05-08&checkout=2025-05-09&dest_id=-2106102&dest_type=city&group_adults=2&req_adults=2&no_rooms=1&group_children=0&req_children=0&hpos=24&hapos=74&sr_order=popularity&srpvid=d8212f34b8f70c05&srepoch=1746600175&all_sr_blocks=1406841001_412458557_2_1_0&highlighted_blocks=1406841001_412458557_2_1_0&matching_block_id=1406841001_412458557_2_1_0&sr_pri_blocks=1406841001_412458557_2_1_0__112050&from=searchresults
Hotel Lory,New Delhi,11.9 km from downtown,6.6,1121,https://www.booking.com/hotel/in/lory.html?aid=355028&ucfs=1&arphpl=1&checkin=2025-05-08&checkout=2025-05-09&dest_id=-2106102&dest_type=city&group_adults=2&req_adults=2&no_rooms=1&group_children=0&req_children=0&hpos=25&hapos=75&sr_order=popularity&srpvid=d8212f34b8f70c05&srepoch=1746600175&all_sr_blocks=1406791301_412455487_2_1_0&highlighted_blocks=1406791301_412455487_2_1_0&matching_block_id=1406791301_412455487_2_1_0&sr_pri_blocks=1406791301_412455487_2_1_0__112050&from=searchresults
